dateTime,hitName,rotation,distance,frame,%replayed,toUse
22-07-07_21-39-19,B001,48,23,114010,69,0
22-07-07_21-39-20,B001,38,19,114015,69,0
22-07-07_21-39-20,B001,38,19,114020,69,0
22-07-07_21-39-21,B001,38,19,114025,69,0
22-07-07_21-39-21,B001,38,19,114034,69,0
22-07-07_21-39-21,B001,37,19,114039,69,0
22-07-07_21-39-22,B001,37,19,114044,69,0
22-07-07_21-39-22,B001,37,19,114053,69,0
22-07-07_21-39-22,B001,30,17,114058,69,0
22-07-07_21-39-23,B001,30,17,114065,69,0
22-07-07_21-39-23,B001,32,17,114070,69,0
22-07-07_21-39-23,B001,32,18,114075,69,0
22-07-07_21-39-24,B001,32,18,114080,69,0
22-07-07_21-39-24,B001,32,17,114085,69,0
22-07-07_21-39-24,B001,32,18,114092,69,0
22-07-07_21-39-25,B001,27,17,114097,69,0
22-07-07_21-39-25,B001,27,17,114102,69,0
22-07-07_21-39-25,B017 (3),27,17,114117,69,0
22-07-07_21-39-26,B017 (3),46,22,114122,69,0
22-07-07_21-39-26,B001,46,22,114150,69,0
22-07-07_21-39-27,B001,38,19,114155,69,0
22-07-07_21-39-27,B001,38,19,114160,69,0
22-07-07_21-39-27,B001,38,19,114165,69,0
22-07-07_21-39-28,B001,38,19,114170,69,0
22-07-07_21-39-28,B001,38,19,114175,69,0
22-07-07_21-39-28,B001,38,19,114180,69,0
22-07-07_21-39-29,B017 (3),38,19,114206,69,0
22-07-07_21-39-29,B017 (3),51,24,114211,69,0
22-07-07_21-39-31,B22 1 (3),73,32,114307,69,0
22-07-07_21-39-31,B22 1 (3),62,33,114312,69,0
22-07-07_21-39-32,B22 1 (3),76,60,114357,69,0
22-07-07_21-39-32,B22 1 (3),61,31,114362,69,0
22-07-07_21-39-32,B22 1 (3),61,31,114367,69,0
22-07-07_21-39-33,B22 1 (3),61,31,114372,69,0
22-07-07_21-39-33,B22 1 (3),61,31,114377,69,0
22-07-07_21-39-33,B22 1 (3),60,30,114382,69,0
22-07-07_21-39-34,B22 1 (3),60,30,114387,69,0
22-07-07_21-39-34,B22 1 (3),60,30,114392,69,0
22-07-07_21-39-34,B22 1 (3),60,30,114397,69,0
22-07-07_21-39-35,B22 1 (3),60,30,114402,69,0
22-07-07_21-39-35,B22 1 (3),60,30,114407,69,0
22-07-07_21-39-35,B22 1 (3),60,29,114412,69,0
22-07-07_21-39-36,B22 1 (3),60,29,114421,69,0
22-07-07_21-39-36,B22 1 (3),63,32,114426,69,0
22-07-07_21-39-36,B22 1 (3),63,32,114431,69,0
22-07-07_21-39-37,B22 1 (3),63,32,114436,69,0
22-07-07_21-39-37,B22 1 (3),63,32,114441,69,0
22-07-07_21-39-37,B22 1 (3),63,32,114446,69,0
22-07-07_21-39-38,B22 1 (3),63,31,114451,69,0
22-07-07_21-39-38,B22 1 (3),63,31,114456,69,0
22-07-07_21-39-38,B22 1 (3),64,32,114461,69,0
22-07-07_21-39-39,B22 1 (3),64,32,114466,69,0
22-07-07_21-39-39,B22 1 (3),64,32,114471,69,0
22-07-07_21-39-39,B22 1 (3),64,32,114476,69,0
22-07-07_21-39-40,B22 1 (3),64,32,114481,69,0
22-07-07_21-39-40,B22 1 (3),64,32,114486,69,0
22-07-07_21-39-40,B22 1 (3),64,31,114491,69,0
22-07-07_21-39-41,B22 1 (3),62,30,114496,69,0
22-07-07_21-39-41,B22 1 (3),62,30,114501,69,0
22-07-07_21-39-41,B22 1 (3),62,30,114506,69,0
22-07-07_21-39-42,B22 1 (3),62,30,114511,69,0
22-07-07_21-39-42,B22 1 (3),62,29,114516,69,0
22-07-07_21-39-42,B22 1 (3),63,30,114521,69,0
22-07-07_21-39-43,B22 1 (3),63,30,114526,69,0
22-07-07_21-39-43,B22 1 (3),63,30,114531,69,0
22-07-07_21-39-43,B22 1 (3),63,30,114536,69,0
22-07-07_21-39-46,B017 (3),52,7,114697,70,0
22-07-07_21-39-46,B017 (3),32,14,114702,70,0
22-07-07_21-39-47,B001,31,14,114747,70,0
22-07-07_21-39-47,B001,21,12,114752,70,0
22-07-07_21-39-47,B001,20,12,114759,70,0
22-07-07_21-39-48,B001,21,12,114764,70,0
22-07-07_21-39-48,B001,20,12,114769,70,0
22-07-07_21-39-48,B001,20,12,114774,70,0
22-07-07_21-39-49,B011 (2),42,8,114853,70,0
22-07-07_21-39-50,B011 (2),72,38,114858,70,0
22-07-07_21-39-50,B011 (2),72,38,114863,70,0
22-07-07_21-39-50,B011 (2),72,37,114868,70,0
22-07-07_21-39-51,BridgeSlope_Simple (1),77,24,114903,70,0
22-07-07_21-39-51,BridgeSlope_Simple (1),82,66,114908,70,0
22-07-07_21-39-52,BridgeSlope_Simple (1),99,65,114913,70,0
22-07-07_21-39-52,5 (3),81,66,114921,70,0
22-07-07_21-39-52,5 (3),81,66,114926,70,1
22-07-07_21-39-53,5 (3),81,66,114931,70,0
22-07-07_21-39-53,5 (3),81,66,114936,70,0
22-07-07_21-39-53,5 (3),81,66,114941,70,0
22-07-07_21-39-54,streetLight2 (33),81,66,114952,70,0
22-07-07_21-39-54,streetLight2 (33),101,19,114957,70,0
22-07-07_21-39-54,streetLight2 (33),101,19,114962,70,0
22-07-07_21-39-57,BridgeSlope_Simple (1),45,6,115134,70,0
22-07-07_21-39-57,BridgeSlope_Simple (1),71,63,115138,70,0
22-07-07_21-39-57,BridgeSlope_Simple (1),72,62,115144,70,0
22-07-07_21-39-58,BridgeSlope_Simple (1),72,62,115149,70,0
22-07-07_21-39-58,face_416,50,5,115207,70,0
22-07-07_21-39-59,face_416,56,5,115212,70,0
22-07-07_21-39-59,face_416,58,6,115217,70,0
22-07-07_21-39-59,face_416,55,5,115223,70,1
22-07-07_21-40-00,face_416,54,5,115228,70,0
22-07-07_21-40-00,face_416,54,5,115232,70,0
22-07-07_21-40-00,face_416,54,5,115237,70,0
22-07-07_21-40-01,face_416,62,6,115242,70,0
22-07-07_21-40-03,face_416,59,2,115429,70,0
22-07-07_21-40-03,face_416,37,3,115434,70,1
22-07-07_21-40-10,metalBench (6),126,27,116034,70,0
22-07-07_21-40-11,metalBench (6),122,38,116039,70,0
22-07-07_21-40-11,metalBench (6),122,38,116044,70,0
22-07-07_21-40-11,metalBench (6),122,38,116049,70,0
22-07-07_21-40-12,metalBench (6),121,38,116054,70,0
22-07-07_21-40-12,metalBench (8),122,33,116067,70,0
22-07-07_21-40-13,5 (3),96,19,116150,70,0
22-07-07_21-40-13,5 (3),85,93,116155,70,0
22-07-07_21-40-14,5 (3),95,64,116160,70,0
22-07-07_21-40-14,Pine_005_02,85,92,116165,70,0
22-07-07_21-40-14,Pine_005_02,94,63,116170,70,0
22-07-07_21-40-15,Pine_005_02,94,63,116175,70,0
22-07-07_21-40-15,Pine_005_02,94,63,116180,70,0
22-07-07_21-40-15,Pine_005_02,94,63,116185,70,0
22-07-07_21-40-16,BridgeSlope_Simple (1),94,62,116193,70,0
22-07-07_21-40-16,BridgeSlope_Simple (1),96,49,116198,71,0
22-07-07_21-40-16,BridgeSlope_Simple (1),96,49,116203,71,0
22-07-07_21-40-17,Pine_005_02,96,49,116224,71,0
22-07-07_21-40-17,Pine_005_02,94,62,116229,71,0
22-07-07_21-40-17,Pine_005_02,94,62,116240,71,0
22-07-07_21-40-18,Pine_005_02,94,61,116245,71,0
22-07-07_21-40-18,Pine_005_02,95,61,116250,71,0
22-07-07_21-40-18,Pine_005_02,95,61,116255,71,0
22-07-07_21-40-19,Pine_005_02,95,61,116260,71,0
22-07-07_21-40-19,Pine_005_02,95,61,116265,71,0
22-07-07_21-40-19,5 (3),95,61,116270,71,0
22-07-07_21-40-20,5 (3),86,90,116275,71,0
22-07-07_21-40-22,face_615,92,8,116442,71,0
22-07-07_21-40-22,face_615,90,43,116447,71,0
22-07-07_21-40-22,face_615,90,43,116452,71,0
22-07-07_21-40-23,face_615,90,43,116463,71,0
22-07-07_21-40-23,face_615,90,43,116468,71,0
22-07-07_21-40-23,face_615,90,43,116473,71,0
22-07-07_21-40-24,face_615,90,42,116478,71,0
22-07-07_21-40-25,face_615,89,9,116527,71,0
22-07-07_21-40-25,face_615,89,41,116532,71,0
22-07-07_21-40-25,face_615,89,41,116537,71,0
22-07-07_21-40-26,face_615,89,41,116542,71,0
22-07-07_21-40-26,face_615,89,41,116547,71,0
22-07-07_21-40-26,face_615,88,41,116552,71,0
22-07-07_21-40-27,face_615,88,40,116557,71,0
22-07-07_21-40-27,face_615,88,40,116562,71,0
22-07-07_21-40-27,face_615,88,40,116567,71,0
22-07-07_21-40-28,face_615,88,40,116572,71,0
22-07-07_21-40-28,face_615,88,40,116577,71,0
22-07-07_21-40-28,face_615,88,40,116582,71,0
22-07-07_21-40-29,face_615,88,40,116587,71,0
22-07-07_21-40-29,face_615,87,40,116592,71,0
22-07-07_21-40-29,face_615,88,40,116597,71,0
22-07-07_21-40-29,face_615,87,39,116602,71,0
22-07-07_21-40-30,face_615,87,39,116607,71,0
22-07-07_21-40-30,face_615,88,39,116612,71,0
22-07-07_21-40-30,face_615,87,39,116617,71,0
22-07-07_21-40-31,face_624,87,39,116628,71,0
22-07-07_21-40-31,face_624,76,40,116633,71,0
22-07-07_21-40-32,face_624,76,40,116638,71,0
22-07-07_21-40-32,face_624,76,40,116643,71,0
22-07-07_21-40-32,face_624,76,40,116648,71,0
22-07-07_21-40-32,face_624,76,40,116653,71,0
22-07-07_21-40-33,face_624,76,40,116658,71,0
22-07-07_21-40-33,face_624,76,40,116663,71,0
22-07-07_21-40-33,face_624,75,40,116668,71,0
22-07-07_21-40-34,face_615,77,40,116680,71,0
22-07-07_21-40-34,face_615,86,38,116685,71,0
22-07-07_21-40-34,face_615,87,38,116690,71,0
22-07-07_21-40-35,face_615,87,38,116695,71,0
22-07-07_21-40-35,face_615,86,38,116700,71,0
22-07-07_21-40-35,face_615,86,38,116707,71,0
22-07-07_21-40-36,face_615,88,38,116713,71,0
22-07-07_21-40-36,face_615,87,38,116718,71,0
22-07-07_21-40-36,face_615,87,38,116723,71,0
22-07-07_21-40-37,face_615,87,38,116728,71,0
22-07-07_21-40-37,face_615,87,38,116733,71,0
22-07-07_21-40-37,face_615,87,38,116740,71,0
22-07-07_21-40-38,face_615,85,38,116745,71,0
22-07-07_21-40-38,face_615,85,38,116750,71,0
22-07-07_21-40-38,face_615,85,38,116755,71,0
22-07-07_21-40-39,face_615,85,38,116760,71,0
22-07-07_21-40-39,face_615,84,38,116765,71,0
22-07-07_21-40-39,face_615,85,38,116770,71,0
22-07-07_21-40-40,face_615,85,38,116775,71,0
22-07-07_21-40-40,face_615,85,38,116780,71,0
22-07-07_21-40-40,face_615,85,38,116785,71,0
22-07-07_21-40-40,face_615,85,38,116790,71,0
22-07-07_21-40-41,face_615,85,38,116798,71,0
22-07-07_21-40-41,face_615,88,37,116803,71,0
22-07-07_21-40-41,face_615,88,37,116808,71,0
22-07-07_21-40-42,face_615,87,37,116813,71,0
22-07-07_21-40-42,face_615,87,37,116818,71,0
22-07-07_21-40-42,face_615,87,37,116823,71,0
22-07-07_21-40-43,face_615,88,37,116828,71,0
22-07-07_21-40-43,face_615,88,37,116835,71,0
22-07-07_21-40-43,face_615,88,37,116840,71,0
22-07-07_21-40-44,face_615,89,37,116845,71,0
22-07-07_21-40-44,face_615,88,37,116850,71,0
22-07-07_21-40-44,face_615,89,37,116855,71,0
22-07-07_21-40-45,face_615,88,37,116860,71,0
22-07-07_21-40-45,face_615,88,37,116865,71,0
22-07-07_21-40-45,face_615,88,37,116880,71,0
22-07-07_21-40-46,face_615,89,37,116885,71,0
22-07-07_21-40-46,face_615,88,37,116890,71,0
22-07-07_21-40-46,face_615,88,37,116895,71,0
22-07-07_21-40-47,face_615,88,37,116900,71,0
22-07-07_21-40-47,face_615,88,37,116905,71,0
22-07-07_21-40-47,face_615,89,37,116910,71,0
22-07-07_21-40-48,face_615,89,37,116922,71,0
22-07-07_21-40-48,face_615,90,37,116927,71,0
22-07-07_21-40-48,face_615,90,37,116932,71,0
22-07-07_21-40-49,face_615,90,37,116945,71,0
22-07-07_21-40-49,face_615,88,37,116950,71,0
22-07-07_21-40-49,face_615,88,37,116955,71,0
22-07-07_21-40-50,face_615,88,37,116960,71,0
22-07-07_21-40-50,face_615,88,37,116965,71,0
22-07-07_21-40-50,face_615,88,37,116970,71,0
22-07-07_21-40-51,face_615,88,37,116975,71,0
22-07-07_21-40-51,face_615,91,37,116980,71,0
22-07-07_21-40-51,face_615,91,37,116985,71,0
22-07-07_21-40-52,face_615,90,37,116990,71,0
22-07-07_21-40-52,face_615,91,37,116996,71,0
22-07-07_21-40-52,face_615,93,37,117001,71,0
22-07-07_21-40-52,face_615,92,37,117006,71,0
22-07-07_21-40-53,face_615,92,37,117011,71,0
22-07-07_21-40-53,face_615,92,37,117016,71,0
22-07-07_21-40-53,face_615,92,37,117021,71,0
22-07-07_21-40-54,face_615,92,37,117026,71,0
22-07-07_21-40-54,face_615,92,37,117032,71,0
22-07-07_21-40-55,face_615,91,37,117044,71,0
22-07-07_21-40-55,face_615,91,37,117049,71,0
22-07-07_21-40-55,face_615,91,37,117054,71,0
22-07-07_21-40-55,face_615,91,37,117059,71,0
22-07-07_21-40-56,face_615,91,37,117064,71,0
22-07-07_21-40-56,face_615,91,37,117069,71,0
22-07-07_21-40-56,face_615,91,37,117075,71,0
22-07-07_21-40-57,face_615,91,37,117085,71,0
22-07-07_21-40-57,face_615,91,37,117090,71,0
22-07-07_21-40-58,face_615,91,37,117096,71,0
22-07-07_21-40-58,face_615,163,14,117101,71,0
22-07-07_21-40-58,face_615,89,28,117106,71,0
22-07-07_21-40-58,face_615,90,29,117111,71,0
22-07-07_21-40-59,face_615,90,30,117116,71,0
22-07-07_21-40-59,face_615,90,31,117129,71,0
22-07-07_21-41-00,face_615,90,37,117145,71,0
22-07-07_21-41-00,face_615,92,37,117150,71,0
22-07-07_21-41-00,face_615,92,37,117162,71,0
22-07-07_21-41-01,face_615,91,37,117167,71,0
22-07-07_21-41-01,face_615,89,37,117190,71,0
22-07-07_21-41-01,face_615,88,37,117195,71,0
22-07-07_21-41-02,face_615,88,37,117209,71,0
22-07-07_21-41-02,face_615,86,37,117222,71,0
22-07-07_21-41-03,face_615,86,37,117227,71,0
22-07-07_21-41-03,face_615,86,37,117241,71,0
22-07-07_21-41-03,face_615,90,37,117255,71,0
22-07-07_21-41-04,face_615,89,37,117267,71,0
22-07-07_21-41-04,face_615,89,37,117272,71,0
22-07-07_21-41-04,face_615,89,37,117277,71,0
22-07-07_21-41-05,face_615,89,37,117282,71,0
22-07-07_21-41-05,face_615,89,37,117287,71,0
22-07-07_21-41-05,face_615,89,37,117309,71,0
22-07-07_21-41-06,face_615,87,38,117323,71,0
22-07-07_21-41-06,face_615,87,38,117328,71,0
22-07-07_21-41-07,face_615,87,38,117333,71,0
22-07-07_21-41-07,face_615,87,38,117338,71,0
22-07-07_21-41-07,face_615,87,38,117343,71,0
22-07-07_21-41-07,face_615,87,38,117348,71,0
22-07-07_21-41-08,face_615,87,38,117353,71,0
22-07-07_21-41-08,face_615,87,38,117361,71,0
22-07-07_21-41-08,face_615,89,37,117367,71,0
22-07-07_21-41-09,face_615,91,37,117372,71,0
22-07-07_21-41-09,face_615,91,37,117377,71,0
22-07-07_21-41-09,face_615,91,37,117382,71,0
22-07-07_21-41-10,BridgeSlope_Simple (1),91,37,117395,71,0
22-07-07_21-41-10,BridgeSlope_Simple (1),70,39,117400,71,0
22-07-07_21-41-10,BridgeSlope_Simple (1),70,39,117405,71,0
22-07-07_21-41-11,BridgeSlope_Simple (1),70,39,117410,71,0
22-07-07_21-41-11,BridgeSlope_Simple (1),70,39,117415,71,0
22-07-07_21-41-11,BridgeSlope_Simple (1),70,39,117420,71,0
22-07-07_21-41-15,face_624,99,2,117701,71,0
22-07-07_21-41-15,face_624,75,40,117711,71,0
22-07-07_21-41-15,face_624,74,40,117716,71,0
22-07-07_21-41-16,face_624,73,40,117721,71,0
22-07-07_21-41-16,face_624,74,40,117726,71,0
22-07-07_21-41-16,face_624,74,40,117731,71,0
22-07-07_21-41-17,face_624,74,40,117736,71,0
22-07-07_21-41-17,face_624,74,40,117741,71,0
22-07-07_21-41-17,face_624,74,40,117746,71,0
22-07-07_21-41-17,face_624,74,40,117751,71,0
22-07-07_21-41-18,face_624,74,40,117757,71,0
22-07-07_21-41-18,face_624,78,40,117762,71,0
22-07-07_21-41-18,face_624,78,40,117767,71,0
22-07-07_21-41-19,face_624,78,40,117772,71,0
22-07-07_21-41-19,face_624,78,40,117777,71,0
22-07-07_21-41-19,face_624,79,40,117782,71,0
22-07-07_21-41-20,face_624,101,37,117787,71,0
22-07-07_21-41-20,face_624,101,37,117792,71,0
22-07-07_21-41-21,face_615,80,40,117804,71,0
22-07-07_21-41-21,face_615,86,39,117809,71,0
22-07-07_21-41-21,face_615,86,39,117814,71,0
22-07-07_21-41-22,face_615,86,39,117819,71,0
22-07-07_21-41-22,face_615,86,39,117824,71,0
22-07-07_21-41-22,face_615,86,39,117829,71,0
22-07-07_21-41-25,Chairs (7),121,56,118074,72,0
22-07-07_21-41-26,builds (1),56,14,118137,72,0
22-07-07_21-41-26,builds (1),30,55,118142,72,0
22-07-07_21-41-27,builds (1),30,55,118147,72,0
22-07-07_21-41-27,builds (1),30,55,118152,72,0
22-07-07_21-41-30,B011 (2),54,19,118403,72,0
22-07-07_21-41-30,B011 (2),41,25,118408,72,0
22-07-07_21-41-31,B011 (2),41,25,118413,72,0
22-07-07_21-41-31,B011 (2),41,25,118422,72,0
22-07-07_21-41-31,B011 (2),40,24,118427,72,0
22-07-07_21-41-32,B011 (2),40,24,118432,72,0
22-07-07_21-41-32,B011 (2),40,24,118437,72,0
22-07-07_21-41-32,B011 (2),41,25,118442,72,0
22-07-07_21-41-33,B011 (2),41,25,118447,72,0
22-07-07_21-41-33,B011 (2),41,25,118452,72,0
22-07-07_21-41-33,B011 (2),41,25,118457,72,0
22-07-07_21-41-34,B011 (2),41,25,118462,72,0
22-07-07_21-41-34,B011 (2),41,25,118467,72,0
22-07-07_21-41-37,face_624,41,25,118690,72,0
22-07-07_21-41-37,face_624,91,25,118695,72,0
22-07-07_21-41-37,face_624,91,25,118700,72,0
22-07-07_21-41-38,face_624,91,25,118705,72,0
22-07-07_21-41-38,face_624,91,25,118710,72,0
22-07-07_21-41-41,BridgeSlope_Simple (1),117,17,118968,72,0
22-07-07_21-41-41,BridgeSlope_Simple (1),64,39,118973,72,0
22-07-07_21-41-41,BridgeSlope_Simple (1),64,39,118978,72,0
22-07-07_21-41-42,BridgeSlope_Simple (1),64,39,118983,72,0
22-07-07_21-41-42,BridgeSlope_Simple (1),64,39,118988,72,0
22-07-07_21-41-42,streetLight2 (37),64,39,118999,72,0
22-07-07_21-41-43,streetLight2 (37),129,14,119004,72,0
22-07-07_21-41-43,streetLight2 (37),129,14,119009,72,0
22-07-07_21-41-43,streetLight2 (37),129,14,119014,72,0
22-07-07_21-41-44,store2,59,24,119088,72,0
22-07-07_21-41-45,store2,99,24,119093,72,0
22-07-07_21-41-45,store2,98,24,119125,72,0
22-07-07_21-41-46,face_615,144,30,119161,72,0
22-07-07_21-41-47,face_615,54,33,119182,72,0
22-07-07_21-41-47,face_624,16,35,119188,72,0
22-07-07_21-41-47,face_624,44,39,119195,72,0
22-07-07_21-41-47,face_624,133,28,119200,72,0
22-07-07_21-41-48,face_624,133,28,119205,72,0
22-07-07_21-41-48,face_624,133,28,119210,72,0
22-07-07_21-41-48,face_624,43,37,119215,72,0
22-07-07_21-41-49,face_624,44,39,119220,72,0
22-07-07_21-41-49,face_624,44,39,119225,72,0
22-07-07_21-41-49,face_624,44,39,119234,72,0
22-07-07_21-41-50,face_624,44,37,119239,72,0
22-07-07_21-41-50,face_624,44,39,119243,72,0
22-07-07_21-41-50,face_624,44,39,119249,72,0
22-07-07_21-41-51,face_624,44,39,119253,72,0
22-07-07_21-41-51,face_624,44,38,119258,72,0
22-07-07_21-41-51,face_624,45,38,119264,72,0
22-07-07_21-41-52,face_624,45,38,119268,72,0
22-07-07_21-41-52,face_624,16,35,119273,72,0
22-07-07_21-41-52,face_624,44,38,119278,72,0
22-07-07_21-41-52,face_624,44,38,119283,72,0
22-07-07_21-41-53,face_624,45,38,119289,72,0
22-07-07_21-41-53,face_624,44,39,119293,72,0
22-07-07_21-41-53,face_624,44,38,119300,72,0
22-07-07_21-41-54,face_624,43,37,119305,72,0
22-07-07_21-41-54,face_624,44,39,119310,72,0
22-07-07_21-41-54,face_624,43,36,119316,72,0
22-07-07_21-41-55,face_624,44,39,119320,72,0
22-07-07_21-41-55,face_624,44,37,119325,72,0
22-07-07_21-41-55,face_624,44,37,119330,72,0
22-07-07_21-41-56,face_624,166,43,119365,72,0
22-07-07_21-41-56,face_624,43,36,119370,72,0
22-07-07_21-41-57,face_624,44,37,119375,72,0
22-07-07_21-41-57,face_624,44,37,119380,72,0
22-07-07_21-41-57,face_624,44,37,119385,72,0
22-07-07_21-41-58,face_624,44,39,119390,72,0
22-07-07_21-41-58,face_624,44,37,119395,72,0
22-07-07_21-41-58,face_615,44,37,119401,72,0
22-07-07_21-41-59,face_615,49,36,119407,72,0
22-07-07_21-41-59,face_615,49,36,119412,72,0
22-07-07_21-41-59,face_615,97,35,119417,72,0
22-07-07_21-41-59,face_615,17,35,119422,72,0
22-07-07_21-42-00,face_624,48,35,119435,72,0
22-07-07_21-42-00,face_624,44,38,119440,72,0
22-07-07_21-42-01,face_624,43,36,119445,72,0
22-07-07_21-42-01,face_624,43,36,119450,72,0
22-07-07_21-42-01,face_624,44,38,119456,72,0
22-07-07_21-42-01,face_624,44,36,119460,72,0
22-07-07_21-42-02,face_624,44,36,119465,72,0
22-07-07_21-42-02,face_624,133,27,119470,73,0
22-07-07_21-42-02,face_624,43,36,119475,73,0
22-07-07_21-42-03,face_624,44,38,119480,73,0
22-07-07_21-42-03,face_624,44,38,119486,73,0
22-07-07_21-42-03,face_624,134,37,119491,73,0
22-07-07_21-42-04,face_624,134,37,119496,73,0
22-07-07_21-42-04,face_624,134,37,119500,73,0
22-07-07_21-42-04,face_624,134,35,119505,73,0
22-07-07_21-42-05,face_624,134,35,119510,73,0
22-07-07_21-42-05,face_624,44,38,119515,73,0
22-07-07_21-42-05,face_624,44,38,119520,73,0
22-07-07_21-42-06,face_624,44,36,119525,73,0
22-07-07_21-42-06,face_624,44,38,119530,73,0
22-07-07_21-42-06,face_624,44,38,119535,73,0
22-07-07_21-42-07,face_624,44,38,119540,73,0
22-07-07_21-42-07,face_624,44,38,119546,73,0
22-07-07_21-42-07,face_624,43,36,119551,73,0
22-07-07_21-42-08,face_624,42,36,119556,73,0
22-07-07_21-42-08,face_624,42,36,119561,73,0
22-07-07_21-42-18,face_624,131,3,120270,73,0
22-07-07_21-42-18,face_624,51,33,120275,73,0
22-07-07_21-42-18,face_624,17,23,120280,73,0
22-07-07_21-42-19,face_624,51,34,120285,73,0
22-07-07_21-42-19,face_624,144,29,120293,73,0
22-07-07_21-42-19,face_624,141,23,120298,73,0
22-07-07_21-42-20,face_624,142,27,120304,73,0
22-07-07_21-42-20,face_624,142,27,120310,73,0
22-07-07_21-42-20,face_624,140,23,120316,73,0
22-07-07_21-42-21,face_624,141,23,120322,73,0
22-07-07_21-42-21,face_624,51,34,120328,73,0
22-07-07_21-42-21,face_624,50,34,120334,73,0
22-07-07_21-42-22,face_624,17,23,120340,73,0
22-07-07_21-42-22,face_624,50,34,120348,73,0
22-07-07_21-42-28,metalBench (5),33,47,120737,73,0
22-07-07_21-42-29,metalBench (5),155,19,120742,73,0
22-07-07_21-42-29,metalBench (5),155,19,120747,73,0
22-07-07_21-42-29,metalBench (5),155,19,120752,73,0
22-07-07_21-42-30,streetLight2 (39),25,19,120797,73,1
22-07-07_21-42-30,streetLight2 (39),134,9,120802,73,0
22-07-07_21-42-31,metalBench (3),134,9,120807,73,0
22-07-07_21-42-31,metalBench (3),136,23,120812,73,0
22-07-07_21-42-31,metalBench (3),136,23,120817,73,0
22-07-07_21-42-32,metalBench (3),136,23,120822,73,0
22-07-07_21-42-32,metalBench (4),21,19,120852,73,0
22-07-07_21-42-35,metalBench (5),22,17,121083,73,0
22-07-07_21-42-36,metalBench (5),156,15,121088,73,0
22-07-07_21-42-36,metalBench (5),156,15,121093,73,0
22-07-07_21-42-36,metalBench (5),156,15,121098,73,0
22-07-07_21-42-37,metalBench (5),156,15,121103,73,0
22-07-07_21-42-37,metalBench (5),156,15,121109,74,0
22-07-07_21-42-37,metalBench (5),155,15,121114,74,0
22-07-07_21-42-38,metalBench (5),155,15,121119,74,0
22-07-07_21-42-38,metalBench (5),155,15,121124,74,0
22-07-07_21-42-38,metalBench (5),155,15,121129,74,0
22-07-07_21-42-39,metalBench (5),156,15,121134,74,0
22-07-07_21-42-39,metalBench (5),156,15,121139,74,0
22-07-07_21-42-39,metalBench (5),156,15,121144,74,0
22-07-07_21-42-40,metalBench (5),156,15,121149,74,0
22-07-07_21-42-40,metalBench (5),156,17,121154,74,0
22-07-07_21-42-42,metalBench (5),18,11,121298,74,0
22-07-07_21-42-42,metalBench (5),162,11,121303,74,0
22-07-07_21-42-42,metalBench (5),162,11,121308,74,0
22-07-07_21-42-43,metalBench (5),162,11,121313,74,0
22-07-07_21-42-43,metalBench (5),163,11,121318,74,0
22-07-07_21-42-43,metalBench (5),163,11,121323,74,0
22-07-07_21-42-44,metalBench (5),163,11,121328,74,0
22-07-07_21-42-44,metalBench (5),163,11,121333,74,0
22-07-07_21-42-44,metalBench (5),163,11,121338,74,0
22-07-07_21-42-45,metalBench (5),163,11,121343,74,0
22-07-07_21-42-45,metalBench (5),163,10,121348,74,0
22-07-07_21-42-45,metalBench (5),164,10,121353,74,0
22-07-07_21-42-45,metalBench (5),164,10,121358,74,0
22-07-07_21-42-46,metalBench (5),164,10,121363,74,0
22-07-07_21-42-49,metalBench (5),21,8,121580,74,0
22-07-07_21-42-49,metalBench (5),175,7,121585,74,0
22-07-07_21-42-49,metalBench (5),175,7,121590,74,0
22-07-07_21-42-49,metalBench (5),175,6,121597,74,0
22-07-07_21-42-50,metalBench (5),177,6,121602,74,0
22-07-07_21-42-50,metalBench (5),177,6,121607,74,0
22-07-07_21-42-50,metalBench (5),178,6,121612,74,0
22-07-07_21-42-51,metalBench (5),1,6,121667,74,0
22-07-07_21-42-51,metalBench (5),179,6,121672,74,0
22-07-07_21-42-52,store2,96,10,121750,74,0
22-07-07_21-42-53,store2,98,10,121755,74,0
22-07-07_21-42-53,store2,98,10,121760,74,0
22-07-07_21-42-55,face_4605,12,4,121903,74,0
22-07-07_21-42-55,face_4605,12,4,121908,74,0
22-07-07_21-42-55,face_4605,13,4,121913,74,1
22-07-07_21-42-56,face_4605,13,4,121920,74,0
22-07-07_21-42-56,face_4605,12,3,121939,74,0
22-07-07_21-42-56,face_4605,14,3,121944,74,0
22-07-07_21-42-57,face_4605,14,3,121955,74,0
22-07-07_21-42-57,face_4605,15,3,121961,74,0
22-07-07_21-42-57,face_4605,14,3,121966,74,0
22-07-07_21-42-58,face_4605,15,3,121971,74,0
22-07-07_21-42-58,face_4605,15,3,121976,74,0
22-07-07_21-42-58,face_4605,14,3,121981,74,1
22-07-07_21-42-58,face_4605,15,3,121986,74,0
22-07-07_21-42-59,face_4605,15,2,121991,74,0
22-07-07_21-42-59,face_4605,15,2,122002,74,0
22-07-07_21-43-00,face_4605,13,2,122007,74,0
22-07-07_21-43-00,face_4605,14,2,122012,74,0
22-07-07_21-43-00,face_4605,14,2,122017,74,0
22-07-07_21-43-00,face_4605,14,2,122022,74,1
22-07-07_21-43-01,face_4605,14,2,122027,74,0
22-07-07_21-43-01,face_4605,15,2,122032,74,0
22-07-07_21-43-02,face_4605,14,1,122120,74,0
22-07-07_21-43-03,face_4605,16,1,122132,74,1
22-07-07_21-43-03,face_4605,14,1,122137,74,0
22-07-07_21-43-05,face_4605,3,1,122289,74,0
22-07-07_21-43-05,face_4605,14,1,122294,74,0
22-07-07_21-43-06,face_4605,14,1,122304,74,1
22-07-07_21-43-06,face_4605,17,1,122309,74,0
22-07-07_21-43-06,face_4605,17,1,122315,74,0
22-07-07_21-43-06,face_4605,17,1,122320,74,0
22-07-07_21-43-07,face_4605,17,1,122325,74,0
22-07-07_21-43-07,face_4605,17,1,122330,74,0
22-07-07_21-43-07,face_4605,17,1,122335,74,0
22-07-07_21-43-08,face_4605,17,1,122340,74,0
22-07-07_21-43-08,face_4605,17,1,122345,74,0
22-07-07_21-43-08,face_4605,17,1,122350,74,0
22-07-07_21-43-09,face_4605,17,1,122355,74,0
22-07-07_21-43-09,face_4605,17,1,122360,74,0
22-07-07_21-43-09,face_4605,17,1,122365,74,0
22-07-07_21-43-10,face_4605,17,1,122370,74,0
22-07-07_21-43-10,face_4605,17,1,122375,74,0
22-07-07_21-43-11,face_4605,15,1,122423,74,0
22-07-07_21-43-11,face_4605,16,1,122428,74,0
22-07-07_21-43-11,face_4605,17,1,122433,74,0
22-07-07_21-43-12,face_4605,17,1,122438,74,0
22-07-07_21-43-12,face_4605,17,1,122443,74,0
22-07-07_21-43-12,face_4605,16,1,122448,74,0
22-07-07_21-43-12,face_4605,16,1,122454,74,0
22-07-07_21-43-13,face_4605,13,1,122459,74,0
22-07-07_21-43-13,face_4605,13,1,122464,74,0
22-07-07_21-43-13,face_4605,13,1,122469,74,0
22-07-07_21-43-14,face_4605,13,1,122474,74,0
22-07-07_21-43-14,face_4605,13,1,122479,74,0
22-07-07_21-43-14,face_4605,13,1,122484,74,0
22-07-07_21-43-15,face_4605,13,1,122489,74,0
22-07-07_21-43-15,face_4605,13,1,122494,74,0
22-07-07_21-43-15,face_4605,13,1,122499,74,0
22-07-07_21-43-16,face_4605,13,1,122504,74,0
22-07-07_21-43-16,face_4605,13,1,122509,74,0
22-07-07_21-43-16,face_4605,13,1,122514,74,0
22-07-07_21-43-17,face_4605,13,1,122520,74,0
22-07-07_21-43-17,face_4605,13,1,122525,74,0
22-07-07_21-43-17,face_4605,14,1,122530,74,0
22-07-07_21-43-18,face_4161,13,1,122561,74,0
22-07-07_21-43-18,face_4161,82,5,122566,74,0
22-07-07_21-43-18,face_4161,83,6,122571,74,0
22-07-07_21-43-19,face_4161,83,6,122576,74,0
22-07-07_21-43-19,face_4161,82,5,122581,74,0
22-07-07_21-43-19,face_4161,83,6,122586,74,0
22-07-07_21-43-20,face_4161,83,6,122591,74,0
22-07-07_21-43-20,face_4161,83,6,122596,74,0
22-07-07_21-43-20,face_4161,83,6,122601,74,0
22-07-07_21-43-21,face_4161,83,5,122606,74,0
22-07-07_21-43-21,face_4161,83,5,122611,74,0
22-07-07_21-43-21,face_4161,83,6,122615,74,0
22-07-07_21-43-22,face_4161,83,5,122620,74,0
22-07-07_21-43-22,face_4161,84,5,122625,74,0
22-07-07_21-43-26,B027,38,44,122839,75,0
22-07-07_21-43-26,B027,53,100,122844,75,0
22-07-07_21-43-26,B027,53,99,122849,75,0
22-07-07_21-43-27,B027,53,99,122854,75,0
22-07-07_21-43-27,B027,53,99,122859,75,0
22-07-07_21-43-27,B027,45,52,122864,75,0
22-07-07_21-43-28,B027,44,52,122869,75,0
22-07-07_21-43-28,B027,44,51,122874,75,0
22-07-07_21-43-28,B027,44,51,122879,75,0
22-07-07_21-43-29,B027,44,51,122884,75,0
22-07-07_21-43-29,B027,44,51,122889,75,0
22-07-07_21-43-29,B027,44,51,122894,75,0
22-07-07_21-43-33,trashcan_squarePrefab (7),114,6,123122,75,0
22-07-07_21-43-33,trashcan_squarePrefab (7),49,5,123127,75,0
22-07-07_21-43-34,trashcan_squarePrefab (7),48,5,123132,75,0
22-07-07_21-43-34,trashcan_squarePrefab (7),48,5,123142,75,1
22-07-07_21-43-35,store2,73,12,123248,75,0
22-07-07_21-43-36,store2,73,12,123253,75,0
22-07-07_21-43-36,face_4241,73,12,123266,75,0
22-07-07_21-43-36,face_4241,0,3,123271,75,0
22-07-07_21-43-37,face_4241,1,3,123276,75,0
22-07-07_21-43-37,face_4241,1,3,123281,75,0
22-07-07_21-43-37,face_4241,1,3,123286,75,0
22-07-07_21-43-37,face_4241,1,3,123291,75,0
22-07-07_21-43-38,face_4241,1,3,123296,75,0
22-07-07_21-43-38,face_4241,1,3,123301,75,1
22-07-07_21-43-38,face_4161,1,3,123311,75,0
22-07-07_21-43-39,face_4161,15,2,123316,75,0
22-07-07_21-43-39,face_4161,14,2,123321,75,0
22-07-07_21-43-39,face_4161,14,2,123326,75,0
22-07-07_21-43-39,face_4161,15,2,123331,75,0
22-07-07_21-43-40,face_4161,14,2,123336,75,1
22-07-07_21-43-40,face_4161,14,2,123341,75,0
22-07-07_21-43-40,face_4161,14,2,123346,75,0
22-07-07_21-43-41,face_4161,13,2,123351,75,0
22-07-07_21-43-41,face_4161,13,2,123356,75,0
22-07-07_21-43-41,face_4161,12,2,123361,75,0
22-07-07_21-43-41,face_4161,12,2,123366,75,0
22-07-07_21-43-42,face_4161,11,2,123371,75,0
22-07-07_21-43-42,face_4161,12,2,123376,75,0
22-07-07_21-43-42,face_4161,11,2,123381,75,0
22-07-07_21-43-42,face_4161,10,1,123386,75,1
22-07-07_21-43-43,face_4161,10,1,123391,75,0
22-07-07_21-43-43,face_4161,9,1,123396,75,0
22-07-07_21-43-43,face_4161,8,1,123401,75,0
22-07-07_21-43-44,face_4161,6,1,123406,75,0
22-07-07_21-43-44,face_4161,7,1,123411,75,0
22-07-07_21-43-44,face_4161,6,1,123416,75,0
22-07-07_21-43-44,face_4161,6,1,123421,75,1
22-07-07_21-43-45,face_4161,6,1,123426,75,0
22-07-07_21-43-45,face_4161,5,1,123431,75,0
22-07-07_21-43-45,face_4161,4,1,123436,75,0
22-07-07_21-43-45,face_4161,4,1,123441,75,0
22-07-07_21-43-46,face_4161,4,1,123446,75,0
22-07-07_21-43-46,face_4161,3,1,123451,75,0
22-07-07_21-43-46,face_4161,3,1,123456,75,0
22-07-07_21-43-47,face_4161,4,1,123461,75,0
22-07-07_21-43-47,face_4161,4,1,123466,75,0
22-07-07_21-43-47,face_4161,4,1,123471,75,0
22-07-07_21-43-47,face_4161,4,1,123476,75,1
22-07-07_21-43-48,face_4161,4,1,123481,75,0
22-07-07_21-43-48,face_4161,4,1,123486,75,0
22-07-07_21-43-48,face_4161,1,1,123491,75,0
22-07-07_21-43-49,face_4161,1,1,123496,75,0
22-07-07_21-43-49,face_4161,1,1,123501,75,0
22-07-07_21-43-49,face_4161,1,1,123506,75,0
22-07-07_21-43-49,face_4161,0,1,123511,75,0
22-07-07_21-43-50,face_4161,0,1,123516,75,0
22-07-07_21-43-50,face_4161,1,1,123523,75,0
22-07-07_21-43-50,face_4161,4,1,123528,75,0
22-07-07_21-43-51,face_4161,4,1,123533,75,0
22-07-07_21-43-51,face_4161,4,1,123538,75,0
22-07-07_21-43-51,face_4161,4,1,123543,75,0
22-07-07_21-43-51,face_4161,4,1,123548,75,0
22-07-07_21-43-52,face_4161,4,1,123553,75,0
22-07-07_21-43-52,face_4161,4,1,123558,75,0
22-07-07_21-43-52,face_4161,4,1,123563,75,0
22-07-07_21-43-52,face_4161,4,1,123568,75,0
22-07-07_21-43-53,face_4161,5,1,123573,75,0
22-07-07_21-43-53,face_4161,5,1,123578,75,0
22-07-07_21-43-53,face_4161,5,1,123584,75,0
22-07-07_21-43-54,face_4161,2,1,123594,75,0
22-07-07_21-43-54,face_4161,3,1,123602,75,0
22-07-07_21-43-54,face_4161,3,1,123607,75,0
22-07-07_21-43-55,face_4161,180,2,123633,75,0
22-07-07_21-43-55,face_4161,0,1,123638,75,0
22-07-07_21-43-58,face_4241,7,1,123936,75,0
22-07-07_21-43-59,face_4241,7,1,123941,75,0
22-07-07_21-43-59,face_4241,148,7,123946,75,0
22-07-07_21-43-59,face_4241,148,7,123961,75,0
22-07-07_21-43-59,face_4241,6,1,123966,75,0
22-07-07_21-44-00,face_4241,6,1,123971,75,0
22-07-07_21-44-00,face_4241,5,1,123976,75,0
22-07-07_21-44-00,face_4241,7,1,123981,75,0
22-07-07_21-44-01,face_4241,7,1,123988,75,0
22-07-07_21-44-01,face_4241,8,1,123993,75,0
22-07-07_21-44-01,face_4241,7,1,123998,75,0
22-07-07_21-44-01,face_4241,7,1,124004,75,0
22-07-07_21-44-02,face_4241,7,1,124009,75,1
22-07-07_21-44-02,face_4241,7,1,124014,75,0
22-07-07_21-44-03,face_4241,6,1,124072,75,0
22-07-07_21-44-03,face_4241,7,1,124077,75,0
22-07-07_21-44-04,face_4241,7,1,124082,75,0
22-07-07_21-44-04,face_4241,6,1,124087,75,0
22-07-07_21-44-04,face_4241,6,1,124092,75,0
22-07-07_21-44-04,face_4241,6,1,124096,75,0
22-07-07_21-44-06,trashcan_squarePrefab (7),111,4,124210,75,0
22-07-07_21-44-06,trashcan_squarePrefab (7),67,2,124215,75,1
22-07-07_21-44-07,trashcan_squarePrefab (7),69,3,124220,75,0
22-07-07_21-44-07,trashcan_squarePrefab (7),69,3,124225,75,0
22-07-07_21-44-07,trashcan_squarePrefab (7),70,3,124230,75,0
22-07-07_21-44-08,trashcan_squarePrefab (7),70,3,124235,75,0
22-07-07_21-44-08,trashcan_squarePrefab (7),68,2,124240,75,0
22-07-07_21-44-08,trashcan_squarePrefab (7),69,2,124245,75,0
22-07-07_21-44-09,trashcan_squarePrefab (7),68,2,124250,75,0
22-07-07_21-44-09,trashcan_squarePrefab (7),69,2,124255,75,0
22-07-07_21-44-09,trashcan_squarePrefab (7),69,2,124260,75,0
22-07-07_21-44-10,trashcan_squarePrefab (7),70,3,124265,75,0
22-07-07_21-44-10,trashcan_squarePrefab (7),69,3,124270,75,0
22-07-07_21-44-10,trashcan_squarePrefab (7),69,2,124275,75,0
22-07-07_21-44-11,trashcan_squarePrefab (7),69,2,124280,75,0
22-07-07_21-44-11,trashcan_squarePrefab (7),69,2,124285,75,0
22-07-07_21-44-11,trashcan_squarePrefab (7),69,2,124290,75,0
22-07-07_21-44-12,trashcan_squarePrefab (7),69,2,124295,75,0
22-07-07_21-44-12,trashcan_squarePrefab (7),69,2,124300,75,0
22-07-07_21-44-12,trashcan_squarePrefab (7),66,2,124306,75,0
22-07-07_21-44-13,trashcan_squarePrefab (7),66,2,124311,75,0
22-07-07_21-44-13,trashcan_squarePrefab (7),66,2,124316,75,0
22-07-07_21-44-13,trashcan_squarePrefab (7),65,2,124321,75,0
22-07-07_21-44-14,trashcan_squarePrefab (7),64,2,124326,75,0
22-07-07_21-44-14,trashcan_squarePrefab (7),62,2,124331,75,0
22-07-07_21-44-14,trashcan_squarePrefab (7),62,2,124336,75,0
22-07-07_21-44-15,trashcan_squarePrefab (7),61,2,124341,75,0
22-07-07_21-44-15,trashcan_squarePrefab (7),60,2,124346,75,0
22-07-07_21-44-15,trashcan_squarePrefab (7),60,2,124351,75,0
22-07-07_21-44-15,trashcan_squarePrefab (7),59,1,124356,75,0
22-07-07_21-44-16,trashcan_squarePrefab (7),58,1,124361,75,0
22-07-07_21-44-16,trashcan_squarePrefab (7),58,1,124366,75,0
22-07-07_21-44-16,trashcan_squarePrefab (7),57,1,124371,75,0
22-07-07_21-44-17,trashcan_squarePrefab (7),56,1,124376,75,0
22-07-07_21-44-17,trashcan_squarePrefab (7),56,1,124381,76,0
22-07-07_21-44-17,trashcan_squarePrefab (7),58,1,124386,76,0
22-07-07_21-44-18,trashcan_squarePrefab (7),58,1,124391,76,0
22-07-07_21-44-18,trashcan_squarePrefab (7),57,1,124396,76,0
22-07-07_21-44-18,trashcan_squarePrefab (7),57,1,124401,76,0
22-07-07_21-44-19,trashcan_squarePrefab (7),57,1,124406,76,0
22-07-07_21-44-19,trashcan_squarePrefab (7),57,1,124413,76,1
22-07-07_21-44-19,trashcan_squarePrefab (7),53,1,124418,76,0
22-07-07_21-44-20,trashcan_squarePrefab (7),53,1,124423,76,0
22-07-07_21-44-20,trashcan_squarePrefab (7),53,1,124428,76,0
22-07-07_21-44-20,trashcan_squarePrefab (7),53,1,124433,76,0
22-07-07_21-44-20,trashcan_squarePrefab (7),53,1,124438,76,0
22-07-07_21-44-21,trashcan_squarePrefab (7),53,1,124443,76,0
22-07-07_21-44-21,trashcan_squarePrefab (7),54,1,124448,76,0
22-07-07_21-44-21,trashcan_squarePrefab (7),54,1,124453,76,0
22-07-07_21-44-22,trashcan_squarePrefab (7),59,1,124458,76,0
22-07-07_21-44-22,trashcan_squarePrefab (7),59,2,124463,76,0
22-07-07_21-44-22,trashcan_squarePrefab (7),59,2,124468,76,0
22-07-07_21-44-23,trashcan_squarePrefab (7),59,2,124473,76,0
22-07-07_21-44-23,trashcan_squarePrefab (7),59,2,124478,76,0
22-07-07_21-44-23,trashcan_squarePrefab (7),58,1,124483,76,0
22-07-07_21-44-24,trashcan_squarePrefab (7),58,1,124488,76,0
22-07-07_21-44-24,trashcan_squarePrefab (7),59,1,124493,76,0
22-07-07_21-44-24,trashcan_squarePrefab (7),59,1,124498,76,0
22-07-07_21-44-25,trashcan_squarePrefab (7),59,1,124503,76,0
22-07-07_21-44-25,trashcan_squarePrefab (7),58,1,124508,76,0
22-07-07_21-44-25,trashcan_squarePrefab (7),58,1,124513,76,0
22-07-07_21-44-25,trashcan_squarePrefab (7),59,1,124518,76,0
22-07-07_21-44-26,trashcan_squarePrefab (7),64,2,124523,76,0
22-07-07_21-44-26,trashcan_squarePrefab (7),65,2,124528,76,0
22-07-07_21-44-26,trashcan_squarePrefab (7),65,2,124533,76,0
22-07-07_21-44-27,trashcan_squarePrefab (7),65,2,124538,76,0
22-07-07_21-44-27,trashcan_squarePrefab (7),65,2,124543,76,0
22-07-07_21-44-27,trashcan_squarePrefab (7),66,2,124553,76,0
22-07-07_21-44-28,trashcan_squarePrefab (7),57,1,124558,76,0
22-07-07_21-44-31,Cathedral,33,45,124779,76,0
22-07-07_21-44-32,Cathedral,33,45,124784,76,0
22-07-07_21-44-32,Cathedral,33,45,124791,76,0
22-07-07_21-44-32,Cathedral,33,45,124796,76,0
22-07-07_21-44-33,Cathedral,33,45,124801,76,0
22-07-07_21-44-33,Cathedral,33,45,124815,76,0
22-07-07_21-44-33,Cathedral,33,45,124820,76,0
22-07-07_21-44-34,Cathedral,33,45,124825,76,0
22-07-07_21-44-34,Cathedral,33,45,124830,76,0
22-07-07_21-44-34,Cathedral,33,45,124835,76,0
22-07-07_21-44-35,Cathedral,33,45,124842,76,0
22-07-07_21-44-35,Cathedral,33,45,124847,76,0
22-07-07_21-44-35,Cathedral,33,45,124852,76,0
22-07-07_21-44-36,Cathedral,33,45,124857,76,0
22-07-07_21-44-36,House_2,33,45,124875,76,0
22-07-07_21-44-37,House_2,33,45,124880,76,0
22-07-07_21-44-37,House_2,33,45,124885,76,0
22-07-07_21-44-38,Cathedral,33,45,124903,76,0
22-07-07_21-44-38,Cathedral,33,45,124908,76,0
22-07-07_21-44-38,Cathedral,33,45,124913,76,0
22-07-07_21-44-39,Cathedral,33,45,124918,76,0
22-07-07_21-44-39,House_1,33,45,124925,76,0
22-07-07_21-44-39,House_1,33,45,124930,76,0
22-07-07_21-44-40,House_1,33,45,124935,76,0
22-07-07_21-44-40,House_1,33,45,124944,76,0
22-07-07_21-44-40,House_1,33,45,124949,76,0
22-07-07_21-44-41,House_1,33,45,124954,76,0
22-07-07_21-44-41,Cathedral,33,45,124960,76,0
22-07-07_21-44-41,Cathedral,33,45,124965,76,0
22-07-07_21-44-42,Cathedral,33,45,124970,76,0
22-07-07_21-44-42,Cathedral,33,45,124975,76,0
22-07-07_21-44-42,Cathedral,33,45,124980,76,0